age,stage,treatment_delay_wk,hpv,mortality
72,III,3.6,pos,1
29,I,0.2,pos,0
50,II,0.5,pos,0
79,II,0.1,pos,1
28,I,0.3,pos,0
44,II,0.3,pos,1
48,II,9.7,pos,1
64,II,6.7,pos,1
53,III,0.7,neg,1
39,I,0.9,pos,0
48,I,9.7,neg,1
33,II,2.5,pos,1
50,II,1.4,neg,0
71,I,1.9,pos,1
67,IV,1.0,neg,1
51,III,2.6,pos,1
33,I,3.9,pos,0
64,II,2.2,neg,1
63,I,5.2,pos,0
29,II,0.4,pos,0
73,I,2.8,pos,1
32,II,13.7,neg,1
69,IV,0.5,neg,0
25,II,2.0,neg,0
36,III,3.0,neg,0
31,II,1.2,pos,1
44,III,10.0,pos,0
69,I,2.0,pos,1
30,III,2.0,pos,1
49,IV,7.0,pos,1
78,III,0.0,neg,1
73,I,6.1,pos,1
25,III,0.4,neg,1
59,III,1.4,neg,1
34,III,2.0,pos,1
39,I,1.9,pos,1
63,IV,0.1,pos,1
29,IV,1.1,neg,1
71,II,1.3,pos,1
34,II,9.4,pos,1
48,I,7.5,pos,0
60,IV,2.6,pos,1
28,III,8.1,neg,1
33,III,6.0,neg,0
44,III,1.4,neg,0
73,I,0.4,neg,1
26,II,2.8,pos,1
25,I,1.2,neg,0
41,II,0.0,pos,0
79,I,11.9,pos,0
56,IV,10.4,pos,1
54,II,2.3,pos,0
69,II,2.9,neg,1
53,I,3.3,pos,1
32,III,7.8,neg,1
48,III,1.9,pos,0
35,III,2.6,pos,1
66,I,0.8,pos,1
60,III,0.8,pos,1
25,I,2.2,pos,0
32,III,0.8,neg,0
48,II,0.1,pos,1
53,I,1.4,pos,1
57,II,4.2,neg,1
46,III,1.0,pos,1
61,I,6.0,neg,0
60,III,3.6,neg,1
58,II,3.2,pos,1
28,IV,6.7,pos,0
52,III,0.2,pos,0
58,I,0.6,pos,1
44,III,7.2,neg,1
52,II,7.1,pos,1
29,III,0.2,pos,1
44,II,4.5,pos,0
58,II,0.0,pos,0
55,IV,0.4,pos,1
62,I,0.3,neg,0
34,II,1.0,pos,0
54,II,1.5,pos,1
42,I,7.3,pos,0
56,III,1.7,pos,1
27,II,0.4,pos,0
44,IV,1.0,neg,0
75,II,0.0,pos,0
43,II,0.1,pos,1
46,IV,1.7,pos,1
28,I,2.2,neg,1
36,I,0.9,pos,0
72,III,1.4,pos,1
41,II,0.3,pos,1
37,II,3.2,pos,0
54,IV,1.5,pos,1
68,II,0.5,neg,1
66,IV,2.1,pos,1
34,III,0.7,pos,0
37,II,1.0,pos,0
28,I,0.4,pos,0
71,I,4.6,neg,1
39,IV,1.0,pos,1
45,II,9.3,pos,1
78,I,1.6,pos,1
40,I,0.5,pos,0
60,IV,3.7,neg,0
73,I,4.0,pos,0
29,III,6.4,pos,0
68,I,0.4,neg,1
33,IV,4.7,pos,1
51,II,5.9,neg,0
79,I,1.1,pos,0
68,IV,1.8,pos,1
72,II,2.9,neg,0
48,III,0.8,pos,1
38,II,6.2,pos,1
75,I,3.6,pos,1
64,I,5.8,pos,0
28,I,1.8,pos,0
54,I,2.2,pos,0
37,I,0.6,pos,1
37,I,1.1,pos,0
40,IV,3.9,pos,1
54,I,9.6,neg,1
33,II,0.5,neg,0
79,I,0.2,pos,0
63,I,0.2,pos,0
78,III,1.7,pos,1
31,IV,4.7,neg,0
46,II,0.8,pos,0
69,I,1.9,pos,1
52,IV,2.2,neg,0
32,I,5.5,neg,0
42,II,0.5,pos,1
67,II,0.0,neg,0
72,IV,2.1,pos,1
30,III,1.3,pos,1
61,III,1.0,pos,1
77,II,4.4,pos,0
66,III,3.5,pos,1
66,IV,0.3,neg,1
54,IV,2.4,neg,1
51,III,4.8,pos,1
25,I,7.2,pos,0
47,I,0.0,neg,0
59,II,4.9,pos,0
37,II,0.1,pos,0
31,III,3.4,neg,0
65,I,2.7,pos,0
59,III,9.1,pos,1
67,II,3.0,pos,1
71,III,0.2,pos,0
77,I,3.3,pos,1
74,II,0.9,pos,1
54,I,5.4,neg,0
63,I,0.1,pos,0
67,IV,1.2,pos,1
42,II,3.4,pos,1
30,IV,0.5,pos,0
40,II,3.1,pos,0
74,I,3.6,pos,1
79,III,4.0,neg,1
37,I,6.2,pos,0
66,III,1.6,pos,0
65,I,0.5,neg,0
53,III,0.9,neg,1
79,I,1.5,pos,1
72,II,0.2,pos,1
62,IV,3.7,pos,1
34,II,0.2,neg,1
48,III,0.2,pos,0
46,III,8.1,pos,1
29,I,4.9,pos,0
52,III,0.9,neg,0
37,IV,1.3,pos,1
66,I,5.2,pos,1
36,II,2.9,pos,0
31,I,0.9,pos,0
58,III,1.8,pos,1
46,I,5.8,pos,0
46,II,0.0,neg,0
55,III,14.6,neg,1
68,III,2.5,pos,1
53,I,0.6,pos,0
76,III,4.8,pos,1
37,I,0.2,pos,0
37,III,1.6,neg,0
70,II,2.6,pos,1
61,I,0.9,neg,0
32,III,6.5,neg,1
46,III,3.6,pos,1
66,III,0.5,pos,0
63,IV,0.5,pos,0
40,I,0.2,pos,0
68,I,2.5,neg,1
43,I,0.6,pos,1
53,II,2.3,neg,1
41,II,5.1,pos,0
30,II,6.3,neg,1
60,II,0.4,neg,1
38,I,1.2,neg,0
57,I,1.6,pos,0
78,II,1.5,pos,1
48,I,1.6,pos,0
56,II,1.8,pos,1
58,IV,4.2,neg,1
70,I,1.1,pos,0
65,III,1.3,neg,1
77,III,1.5,pos,1
52,I,0.5,pos,0
39,II,3.0,neg,1
70,IV,1.5,neg,1
66,II,7.4,pos,1
67,III,5.2,neg,1
57,III,0.8,pos,0
59,II,0.8,pos,1
56,IV,4.6,pos,1
73,III,2.5,pos,1
63,II,0.0,pos,1
43,III,3.0,neg,0
34,II,1.5,neg,0
34,III,4.6,pos,1
38,I,4.1,pos,1
46,IV,7.7,pos,1
68,II,3.6,neg,0
26,I,7.3,pos,1
56,II,1.0,pos,1
39,IV,1.2,pos,1
41,III,0.2,pos,0
73,II,6.1,pos,1
50,II,0.5,pos,1
74,II,2.4,neg,1
71,IV,2.1,pos,1
58,I,5.0,pos,0
46,IV,1.5,pos,1
44,IV,0.5,pos,0
43,I,1.4,neg,1
25,II,0.1,pos,0
38,II,1.1,neg,0
35,III,3.0,pos,1
77,IV,0.2,neg,1
52,IV,13.7,pos,1
53,I,2.3,pos,0
33,I,1.1,neg,0
58,II,5.4,neg,1
61,II,0.4,pos,0
50,III,1.2,pos,1
69,I,8.3,pos,0
76,III,0.8,pos,1
79,IV,4.0,neg,1
67,IV,0.3,neg,1
53,IV,2.3,pos,1
32,IV,3.2,pos,1
74,IV,0.7,pos,1
40,I,1.2,pos,1
25,IV,2.4,pos,1
43,I,2.7,pos,1
64,II,0.5,neg,1
69,II,1.6,pos,0
73,IV,24.7,pos,1
25,III,1.2,neg,0
69,II,4.6,pos,1
34,II,0.7,pos,0
71,IV,1.9,pos,1
59,III,2.2,neg,1
73,I,2.7,pos,1
68,I,3.8,pos,1
30,II,4.8,pos,1
46,I,3.6,neg,0
41,II,4.9,neg,1
66,I,6.5,pos,0
36,II,1.2,neg,1
67,IV,5.3,pos,0
57,III,2.2,pos,1
65,I,0.9,pos,0
61,I,0.6,pos,1
30,II,4.3,pos,1
53,III,3.0,pos,1
68,II,0.2,neg,0
54,I,2.7,pos,1
74,II,0.1,pos,1
71,I,1.5,neg,0
67,IV,2.5,pos,1
77,III,3.2,pos,1
73,II,0.5,pos,1
56,III,0.1,pos,1
32,II,2.6,pos,0
53,II,5.1,pos,1
72,II,4.8,pos,1
75,II,1.3,pos,0
73,IV,2.6,pos,1
39,III,3.8,pos,1
72,III,6.2,neg,1
38,I,2.0,pos,0
44,II,6.3,pos,1
66,II,1.1,neg,0
38,I,0.7,pos,0
49,II,1.0,neg,0
28,I,3.9,pos,0
32,I,6.5,neg,0
74,III,1.9,neg,1
67,III,3.6,pos,1
